,accuracy,f1_score,precision,recall,fpr
test_dataset_1_datetime,0.8859049479166666,0.4622858603937612,0.465259907359753,0.45934959349593496,0.06310738581146745
